enkelvoud			singular
meervoud    			plural	
meervoudsvormen		plurals	
meerdere			several
werkwoord			verb
onregelmatige werkwoorden	irregular verbs
regulier, regelmatig		regular, regularly
geheel regelmatig		entirely regular
bijwoord			adverb	
bijvoeglijk naamwoord		adjective
zelfstandig naamwoord		noun
voornaamwoord		pronoun
uitspreken			to pronounce
voegwoord			conjunction	
voltooid deelwoord		past participle
rok, hemd, jas, jurk, pak	skirt, shirt, coat, dress, suit
grijs, bruin, wit, geel, paars	gray, brown, white, yellow, purple
kleur, kleurrijk			color, colorful
broek				pants
vraag, antwoord		question, answer
seizoen				season
leeftijd				age
week				week
maand				month
klein beetje			little bit
stukje, beetje			bit
stuk, stukje			piece
meerderjarig			of age
volwassene			adult
bejaard				elderly
tante, tantes, oom		aunt, aunts, uncle
mier				ant
broer en zus			sibling
broers en zussen		siblings
tweeling			twin
personeel			staff
beroep				profession
ober, serveerster		waiter, waitress
ingenieur			engineer
architect			architect
bewaker			guard
gids				guide
kok				cook
artiest, kunstenaar		artist
student				student
directeur, regisseur		director
richting				direction
secretaris, secretaresse	secretary
op het werk			at work
olie				oil
ontbijt				breakfast
handig				convenient, useful (op verschillende manieren te gebruiken)
onhandig			clumsy
nuttig				useful 
nutteloos			useless
tevergeefs, nutteloos		in vain
avontuur			adventure
avonturier			adventurer
comité				committee
individu				individual
iemand				someone, somebody, anyone, anybody 
iedereen			everyone, everybody, anyone, anybody 
elk, ieder			any, each, every
iemand anders			someone else
anders,andere,verschillend(e)	different
verschil				difference
verschillende, verscheidende	various
anders				otherwise
niemand			no one, nobody 
iets				something 
elk iets				anything
alles				everything, anything
niets				nothing
samen				together
ergens				somewhere
overal				everywhere, anywhere
nergens			nowhere
hele, gehele			whole (enkel object), entire (geheel zoals gehele boek/wagenpark)
alleen				alone (fysiek)
eenzaam			lonely (emotioneel), lonesome
dit				this
deze				these
dat				that
die				those	
wat				what
alleen maar			just, only, merely
er is alleen maar tijd om	there is just time to, there is only time to
ze was nog maar een baby	she was just a baby, she was only a baby
ik heb maar één broer		I have just one brother, I have only one brother
net				just
net ten noorden van		just north of
net als				just like
hij is net vertrokken		he has just left
enige, alleen			only
jij bent de enige		you are the only one
ik houd alleen van jou		I love only you
nog steeds			still
ander, andere			other
elk ander			any other
elkaar				each other 
een andere, nog een		another
alle anderen			everybody else
zulke, zulk, zo’n		such, such a
zoiets				such a thing
echter, maar, toch		however
in ieder geval, sowieso		in any case, anyway
trouwens			by the way
hoe dan ook			anyhow	
wat dan ook			whatever
waar dan ook, overal waar	wherever
tenminste			at least
minst				least
beschikbaar			available
niet beschikbaar		unavailable
efficiënt			efficient, efficiently
negatief			negative
professionele acteur		professional actor		
officieel diner			official dinner
officiële kleuren		official colors
persoonlijk			personal
speciaal			special
verantwoordelijk		responsible
verantwoordelijkheid		responsibility	
erg, ernstig			serious (BN), seriously (BW)
historisch			historical
culturele weken		cultural weeks
traditionele familie		traditional family
godsdienstige schrijver		religious writer
gelovig 			religious
populair			popular
populariteit			popularity
bekend				familiar (bij iemand bekend), known (bij velen bekend)
onbekend			unknown
definitie			definition
beslist, absoluut		definitely
compleet			complete (zoals een puzzle)		
volstrekt, volkomen, helemaal	completely 
volstrekt, volkomen, helemaal	utterly
perfect, volstrekt, heel goed	perfectly
nog, toch			yet
zelfs				even
bijna				almost
altijd				always
voor altijd			forever
ooit				ever
nooit				never
even				briefly
mooi, best			pretty
reden				reason
redelijk, behoorlijk		reasonable (BN), reasonably(BW), quite
onredelijk			unreasonable, unreasonably
liever, eerder			rather 
nogal				quite (legt minder nadruk), rather (meer dan verwacht)
liever dan, eerder dan		rather than
dan				then, than (vergelijking met)
rustig, kalm, stil		calm (persoon), quiet (omgeving)
stilte				silence (volledig stille omgeving)
patient				patient
geduldig			patient (BN)
het geduld			the patience (ZN)
hier 				here
daar, er			there
ook				also, too, either (wordt gebruikt in negatieve zinnen)
ik ook niet			neither do I
noch				neither, nor
straks, later			later
gewoonlijk			usual, usually
meestal, grotendeels		mostly
in het algemeen		in general, generally
helder, duidelijk		clear
helder				bright
toren				tower
boerderij, boer			farm, farmer
dorp				village
plaats, stad			town
stad				city
stadhuis			city hall
hoofdstad			capital city
hoofdletters			capital letters
kapitaal			capital
kapitalisatie			capitalization
plaats				place
plek				place, spot
woonplaats			place of residence
stadsdeel			borough 
district 				district
eiland				island
paleis				palace
adres				address
bioscoop			cinema
paraplu				umbrella
melkpoeder			milk powder
roman				novel
kam				comb
dak, wortel			roof, root
zeep				soap
wiel, stuur			wheel
mens				human being
mensen			people, humans
menselijk			human
mensheid			humanity
een paar			a pair
stel, koppel			couple
enkele, een paar		a couple of, a few
bevolking, populatie		population
slachtoffer			victim
tuimelende dobbelsteen	tumbling dice
vlag				flag
schaar				scissors
jeugd				youth
rugzak				backpack
krant				newspaper
tijdschrift			magazine
verhaal				story
reis				trip, journey
toerist				tourist
geen				none
honderd			a hundred
som				sum
per				per
bibliotheek			library
voorbeeld			example
geval, instantie, voorbeeld	instance
bijvoorbeeld			for example, for instance
monster			sample
in aanbouw			under construction
constructive, bouw		construction
slecht				bad	
slechter, erger			worse
slechtst, ergst			worst
leed				sorrow
droevig, bedroefd		sad
droefheid			sadness
eerder				previous, previously
druk				pressure
schat				treasure
kostbaar, kostbare		precious 
waardevol, waardevolle	precious
mijn lieveling			my precious
eer				honor
eerlijk				honest
eerlijkheid			honesty
wees eerlijk			be honest
waar				true 
waarheid			truth
echt, werkelijk			truly
genoegen,welbehagen		pleasure
gunst				favor
sprookje			fairy tale
antwoord, reactie		response
probleem, kwestie		issue
geval, zaak			case 
materie, zaak, kwestie		matter
twijfel				doubt
vergunning			permit, license
toestemming			permission
welk				which, what
welke				which one
wiens, van wie			whose
mezelf, jezelf, onszelf		myself, yourself, ourselves
zichzelf				himself, herself, itself, themselves
jullie zelf			yourselves
rook				smoke
blad, bladeren			leaf, leaves
zon, maan, ster		sun, moon, star
gewas				crop
regio				region
bos				woods, forest
berg				mountain
lente, zomer, herfst, winter	spring, summer, fall, winter
maandag, dinsdag, woensdag	Monday Tuesday Wednesday
donderdag, vrijdag		Thursday Friday
zaterdag, zondag		Saturday Sunday
januari, februari, maart	January February March
april, mei, juni, juli		April May June July
augustus, september		August September
oktober, november, december	October November December	
echt				real
pad				path
bang				afraid, scared
bange, geschrokken		frightened
enge				scary
angst				fear
woede				anger
vertrouwen, geloof		faith (op gevoel)
vertrouwen			confidence (ZNW)
zelfverzekerd, vol vertrouwen	confident (BNW)
vertrouwelijk			confidential
comfort				comfort
comfortabel			comfortable
comfortabel gevoelloos		comfortably numb (verdoofd)
speelgoed			toys
spel				game
wedstrijd			contest, match
inhoud				content
kampioenschap			championship
sportschool			gym
atleet				athlete
doel				aim, purpose, goal, target
doelstelling			objective
voorwerp			object
onderwerp			subject
bezwaar			objection
tekort				lack
meer				lake
viool, fluit			violin, flute
verzameling, collectie		collection
muziekcarrière			musical career
muziekinstrument		musical instrument
muzieknoot			musical note
musical				musical
postzegel			stamp
zicht				sight, vision, view
bezienswaardigheid		sight
zichtbaar		 	visible
onzichtbaar			invisible
geloofwaardig			credible
ongelooflijk, ongeloofwaardig	incredible
advies				advice
apparaat			device
legaal, wettelijk, rechtsgeldig	legal
wettelijke kosten		legal costs
leider				leader
congres				congress
de fout				the fault 
de schuld			the blame
fout, vergissing			mistake
ongeluk			accident
per ongeluk, onopzettelijk	accidental, accidentally
geldschuld			debt
schuldig			guilty
onschuldig			innocent
hoeveelheid,bedrag,aantal	amount
nummer, aantal, getal		number
kwaliteit			quality
kwantiteit, hoeveelheid		quantity
kwalificatie			qualification
de samenleving		the society
resultaat, gevolg		result
effect, gevolg			effect
consequentie, gevolg		consequence
volgorde			sequence
vervolg				sequel
gelijk				equal
het geweten			the conscience
commentaar			comment
opmerkingen			comments
aantekening, notitie		note
verkiezing(en)			election(s)
kiezer				voter
wetenschap			science
wetenschapper			scientist
wetenschappelijk		scientific
laboratorium			laboratory
stip				dot
methode			method
merk				brand
gloednieuwe			brand new
geldeenheid, valuta		currency
momenteel			currently, at the moment
tegenwoordig			today
reclame			advertising 
reclames			commercials
reclame(s), advertentie(s)	ad(s)
advertentie			advertisement
organisatie			organization
tweetalig			bilingual
taal				language
taalkunde			linguistics
geografie, aardrijkskunde	geography
natuurkunde			physics
fysiek				physical
scheikunde			chemistry
wiskunde			math, mathematics
biologie				biology
geneeskunde			medicine
technologie			technology
techniek			technique
technische			technical
technische universiteit		university of technology
filosofie				philosophy
sociologie			sociology
psychologie			psychology
fysiotherapie			physiotherapy	
internationaal recht		international law
fotografie			photography
volume				volume
formule				formula
diepte				depth
lengte, duur			length
hoogte				height
ondernemer			entrepreneur
het bedrijf			the company, the business
gezelschap			company
zakenman, zakenvrouw	businessman, businesswoman
de firma			the firm
fabriek				factory
fabrikant			manufacturer
stichting			foundation
rekening, cheque		check (vs voor rekening), bill (Engels voor rekening)
het kost tijd			it takes time, it costs time
mondiaal, wereldwijd		global
globalisering			globalization
maat, grootte			size
prijs				price (geld dat je betaald bij aankoop)
prijs				prize (prijs die je in een competitie wint), award
waard				worth (is het dit waard)
waardeloos			worthless
waarde, prijs			value (wat je ervoor betaald)
product				product
melkindustrie			milk industry
discussie			discussion
verklaring			explanation
grote schoonheid		great beauty
uiterlijk, stijl			look (hoe je er altijd uitziet)
uiterlijk				appearance (hoe je er nu uitziet)
identiteit			identity
kracht				force, strength
kracht, macht, vermogen	power
voordeel			advantage, benefit
nadeel				disadvantage
uitdrukking, uiting		expression
persoonlijkheid			personality
eigenschap			quality, characteristic, trait (persoonseigenschap)
karakter			character	
hoi				hi 
zin, zinnen			sentence, sentences, phrase, phrases	
gemeenschap			community
gewoon, gemeenschappelijk	common
veel voorkomende zinnen	common phrases
oké				okay	
goedemorgen			good morning
goed gedaan			well done
goed werk			good job
pardon				excuse me
noemen, roepen, bellen	to call
genaamd			called
telefoontje, telefoongesprek	call
missen				to miss
creëren				to create
schepsel			creature
betalen				to pay
komen				to come
gebeuren			to happen
proberen			to try
steunen			to support	
wassen 			to wash
geven				to give
tellen, rekenen			to count
aanraken			to touch
vangen				to catch
lezen				to read
ongelezen			unread
draaien, afslaan		to turn
ga naar pagina			turn to page
stappen			to step
stap				step
branden			to burn
concertreren			to focus
overslaan			to skip
onderbreken			to interrupt
onderbreking			interruption
uitbarsten			to erupt
uitbarsting			eruption
verlengen 			to extend	
uitspreken			to pronounce
uitspraak (hoe je uitspreekt)	pronuciation
overwegen			to consider
heroverwegen			to reconsider
toevoegen			to add
aanvullend(e), bijkomend(e) 	additional
extra				additional
extra tijd			additional time
toevoeging			addition
bewerken			to edit
editie				edition
meerekenen, meetellen	to include
rusten				to rest
praten, spreken		to talk, to speak
vertellen, zeggen		to tell, to say
nemen				to take
uittrekken			to take off
reizen				to travel
tonen, laten zien		to show
voorstelling			show
verschijnen			to appear, to show up
verdwijnen			to disappear, to vanish
reserveren, boeken		to reserve
aankondigen			to announce
informeren			to inform
ontwikkelen			to develop
ontwikkeling			development
verlangen			to desire
aankomen, arriveren		to arrive
open laten			to leave open
actie ondernemen, handelen	to take action
herkennen			to recognize
voorstellen, van plan zijn	to propose, proposing
voorstel			proposal
veronderstellen/ervan uitgaan	to suppose (gebaseerd op eigen gegevens)                  
veronderstellen/ervan uitgaan	to assume (deels gebaseerd op feiten)
veronderstellen	/ervan uitgaan	to presume (gebaseerd op feiten)
aanname			assumption
raden				to guess
gast				guest
veronderstellen, denken	to suppose, to think, to guess (als je helemaal geen info hebt)
om door te gaan naar		to advance to
bevorderen			to advance
trekken				to pull
duwen				to push
drukken			to press
slepen				to drag
hangen				to hang
dragen				to carry, to wear
optillen, tillen			to lift
voltooien, afmaken		to complete, to finish
interesseren			to interest
interesse, belang		interest
belang, waarde			importance
interessant			interesting
geïnteresseerd			interested
noemen, vermelden		to mention
melding, vermelding		mention
afhangen			to depend
afhankelijk			dependent
afhankelijkheid			dependence
onafhankelijk, zelfstandig	independent
onafhankelijkheid		independence
eisen, vragen naar		to demand
vereisen			to require
bevelen	, bestellen		to order
bevel, bestelling		order
bevelen				to command
aanbevelen, aanraden		to recommend
adviseren, aanraden		to advise
aanbeveling			recommendation
bepalen			to determine
studeren, bestuderen		to study
bekijken, onderzoeken		to examine (observeren/inspecteren), to research (ijverig zoeken)
onderzoek			study, investigation, research
voorspellen			to predict, to forecast
voorspelbaar			predictable
onvoorspelbaar			unpredictable
voorspelling			prediction, forecast
weer				weather
weersvoorspelling		weather forecast
weerbericht			weather report
aanmoedigen			to encourage
ontmoedigen			to discourage
moed				courage
grind, gruis			grit
ware moed			true grit
moedig, dapper		brave
trots				proud
aanduiden, duiden op		to denote
observeren			to observe
klinken				to sound
(over)blijven, resteren		to remain
overblijfsel			remains
zich verontschuldigen		to apologize
beleefd				polite
beïnvloeden			to affect
uitleggen, verklaren		to explain
beschrijven			to describe
definiëren, omschrijven	to define
abonneren			to subscribe
inspannen			to make an effort
inspanning, moeite		effort
poging				attempt
veroorloven			to afford
vermijden			to avoid
overgeven			to surrender
overgave			surrender
omringen			to surround
met pensioen gaan		to retire
met pensioen			retired
schuilen			to take shelter
verleiden			to tempt, to seduce
verleiding			temptation, seduction
vernietigen, verwoesten	to destroy
vernietiging, verwoesting	destruction
vernietigbaar			destructible
onverwoestbaar		indestructible
volgen				to track, to follow
traceren			to trace
volgen en traceren		track and trace
doen alsof			to pretend
aansteken			to ignite
spelen				to play
knijpen				to squeeze
niezen				to sneeze
lachen				to laugh
lachwekkend			laughable
glimlachen			to smile
huilen				to cry
hoesten			to cough	
zuigen				to suck
lasting vallen			to bother
storen				to disturb
spoken				to haunt
spijt hebben van, betreuren	to regret
worselen			to struggle
struikelen			to stumble
rommelen			to rumble
gerommel			rumble
nederig maken			to humble
nederig				humble
vernederen			to humiliate
beledigen			to insult
raadplegen			to consult
uitvoeren			to conduct
verheugen			to rejoice 
verlichten, opluchten		to relieve 
opgelucht			relieved
verlichten			to illuminate
elimineren			to eliminate
introduceren			to introduce
voorstellen, presenteren	to introduce
presenteren, voorleggen	to present
presteren, uitvoeren, optreden	to perform 
prestatie,uitvoering,optreden	performance
horen				to hear
behoren			to belong	
verhogen,verlengen 		to increase
vermeerderen, toenemen	to increase
verlagen			to decrease
verminderen, afnemen		to decrease
reduceren, verminderen	to reduce
vermeerdering, toename	increase
vermindering, afname		decrease
invetten			to grease
vet, smeer			grease
gesmeerde bliksem		greased lightning
vestigen,oprichten,vaststellen	to establish
in elkaar zetten, monteren	to assemble
componeren, samenstellen	to compose
samengesteld			composed
samengestelde			composing
compositie, samenstelling	composition
componist			composer
kalmte				composure
bewijzen			to prove
bewijs				evidence
verbeteren			to improve
verbetering			improvement
beslaan, bedekken, dekken	to cover
omslag, bedekking		cover
ontdekken			to discover
herstellen, terug krijgen	to recover
het herstel, het terugkrijgen	the recovery
terugkrijgen, terugkrijging	recovery
krijgen				to gain 
terug krijgen, herkrijgen	to regain
verdienen			to earn (wel arbeid), to gain (geen arbeid), to deserve	
goedkeuren			to approve
goedgekeurd			approved
goedkeuring			approval
beschuldigen			to accuse
beschuldiging			accusation
vergelijken			to compare
vervangen			to substitute
vervangen, terugzetten	to replace
vervanger			substitute
plaatsvervanger		deputy
vervanging			substitution
aandacht hebben, opletten	to pay attention
de aandacht			the attention
bereiken			to reach, to achieve 
van belang zijn			to matter
logisch zijn, zinvol zijn		to make sense
voorkomen			to prevent
schuld geven			to blame
koken				to cook, to boil
bijten				to bite
roeren				to stir
bieden, aanbieden		to offer
opofferen			to sacrifice
rechtvaardigen			to justify
rechtvaardigheid		justice
zich afvragen			to wonder
bewonderen			to admire
bewondering			admiration
snijden, hakken		to cut, to chop
afwassen			to do the dishes
bakken				to bake, to fry
braden				to fry
leren				to learn
lesgeven			to teach
leraar				teacher
opvoeden			to raise
opvoeding			upbringing
slagen, passeren, voorbijgaan	to pass
pas, doorgang			pass
het verleden			the past
de toekomst			the future
voorbij				past
falen, zakken			to fail
gebruiken			to use
wennen aan			to get used to
vroeger, gewend om		used to
we waren vroeger		we used to be
vroeger				back in the days
mislukking, mislukkeling	failure
afstuderen			to graduate
afgestudeerd			graduated
diploma uitreiking universiteit	graduation
bederven, vervuilen		to taint
bedorven liefde			tainted love
vervagen			to fade, fade away
vervaagd			faded
verliezen			to lose
kiezen				to choose, to pick
meenemen			to take along
wegnemen, weghalen		to take away
afhaal				take away
ophalen			to pick up
toepassen, solliciteren	 	to apply
aanvragen, gelden		to apply
sollicitatie			apply
aanmelding, toepassing	application
aanmelding, ingang		entry
toegang			access	
indienen			to submit
verzoek, aanvraag		request
aanvraagformulier		application
meten				to measure
maatregel, maat, maatstaf	measure
meeteenheid, afmeting		measure
analyseren			to analyze
analyse				analysis
waarderen,schatten,taxeren	to value
waarderen			to appreciate
beheren, leiden, besturen	to manage
lukken, aankunnen		to manage
leiden				to lead
passen				to fit, to try on
kunnen				to can, to be able to
toestaan, toelaten		to allow
toegestaan			allowed
mogen				to may, to be allowed to 
moeten				to must, to need, to have, to shall
willen				to want
zullen				to will, to shall
hoeven				to need
zou willen			would
zou kunnen			could
zou moeten			should
voelen				to feel, felt, felt
geeft mij een gevoel van	make me feel
vallen				to fall, fell, fallen
is gevallen			has fallen
omvallen			to fall over
is omgevallen			has fallen over
laten vallen			to drop
terug vallen			to drop back
tegenslag			setback
donderen			to thunder
donder				thunder
onweer				thunderstorm
donderslag, verbaasd		thunderstruck
bliksem				lightning
blikseminslag			lightning strike
vriezen				to freeze
winderig			windy
blazen				to blow
spellen				to spell
vertalen			to translate
menen, betekenen, bedoelen	to mean
langzamer gaan, vertragen	to slow down
vertragen			to delay
vertraging, vertraagd(e)	delay (zelfstandig naamwoord), delayed (BN)
blijven				to stay
staan 				to stand
houden, bewaren, blijven	to keep
vasthouden			to hold
tegenhouden			to hold back
de jaren tegenhouden		holding back the years
krijgen, komen, worden	to get
snappen, begrijpen		to get
worden				to become, to turn into
blijken				to turn out
blijkbaar			apparently, evidently
schijnbaar			seemingly
er achter komen		to find out
te weten komen		to find out
uitvinden			to invent
bezoeken			to visit
uitnodigen			to invite
uitnodiging			invitation
opslaan, bewaren		to store
verzamelen			to gather (informatie verzamelen), to collect (verzameling munten)
verspillen			to waste
kopen				to buy
aankoop			purchase
verkopen 			to sell	
leggen, zetten			to put, to lay 
neerleggen			lay down 
liggen				to lie, lay, lain
gaan liggen			lay down
liegen				to lie, lied, lied
leugen				lie
aan het liegen/liggen		lying
proeven, smaken		to taste 
ruiken				to smell
stinkende			smelly			
stinken				to stink
grijpen				to grab
verslaan			to beat, to defeat (formeler, bv. defeats in war) 	
zoeken				to seek (item zoeken), to search (plaats waarin je zoekt), to look for
scheiden			to divorce (echtscheiding), to separate (van tafel en bed)
gescheiden 			divorced, separated
afval scheiden			separating waste
toewijden			to devote (familie en geliefden), to dedicate (werk, enz)
toegewijd			devoted, dedicated
wanhopig			desperate
wanhopig op zoek		desperately seeking
trouwen			to marry
vertrouwen			to trust
wantrouwen			to mistrust
handelen, ruilen		to trade
leunen				to lean
lenen				to lend (aan ander lenen), to borrow (van ander lenen)
lening				loan
oversteken			to cross
tegenkomen			to run into, to encounter, to come across (geen persoon maar ding)
ontmoeting			encounter (ongeplande, onverwachte ontmoeting), meeting
vergadering			meeting
afspreken, overeenkomen	to agree on
eens zijn met			to agree with
meedoen, deelnemen		to participate, to join
laten				to let
laten gaan			to let go
loslaten				to let go of
ontmoeten			to meet
vastzitten			to be stuck
verraden			to betray
spuiten				to squirt
samenwerken			to cooperate (hetzelfde doel), to collaborate (doel ander)
geloven				to believe
beloven				to promise
belofte				promise
dwingen			to force		
durven				to dare
beschermen			to protect
waarschuwen			to warn
ontspannen			to relax
stelen				to steal
plegen				to commit
repareren			to repair
gerepareerd			repaired
oplossen, maken, repareren	to fix
opwinden			to excite
opgewonden			excited
opwinding			excitement
bang maken, schrik aanjagen	to frighten
fascineren			to fascinate
gefascineerd			fascinated
fascinerend, fascinerende	fascinating
uitputten			to exhaust
motiveren			to motivate
beu zijn			to be fed up
van streek			upset
verpesten			to screw up
stressen			to stress
gestrest			stressed, stressed out
bekennen			to confess
bekentenis			confession
passie				passion
medelijden			compassion
overtuigen			to convince
geen genade			no mercy
ik heb medelijden met		I feel sorry for
ontkennen, ontkenning		to deny, denial
leven, wonen			to live
negeren			to ignore
opschrijven			to write down
vullen				to fill
opnieuw vullen			to refill
invullen				to fill in
opvullen			to fill up
bidden				to pray
luisteren			to listen
fluisteren			to whisper
zorgeloos gefluister		careless whisper
fluiten				to whistle
vechten			to fight
teruggeven			to return
terugkeren, terugkomen	to return
antwoorden			to answer
antwoorden, reageren		to respond
irriteren			to irritate
geïrriteerd			irritated
uitdagen			to challenge
zwijgen				to shut up
wijzen				to point
refereren, verwijzen		to refer
referentie, verwijzing		reference
scheidsrechter			referee
prefereren			to prefer
de voorkeur geven aan		to prefer
preferentie, voorkeur		preference
oppassen			to watch out, to beware
zorgen maken			to worry 
bezorgd zijn			to be worried, to be concerned
besluiten, beslissen		to decide
besluit, beslissing		decision
begrijpen			to understand
verkeerd begrijpen		to misunderstand
begrepen			copy that, roger that (eens zijn)
vertrekken			to leave, to depart
varen, zeilen			to sail
slapen				to sleep
blussen				to extinguish
onderscheiden			to distinguish
haasten			to hurry, to rush 
stil worden			to hush
verpletteren			to crush
hinderen			to embarrass
in verlegenheid brengen	to embarrass
uitwissen			to erase
gum				eraser
naderen			to approach
naderende komeet		approaching comet
scheren				to shave
delen				to share
haten				to hate
beoordelen			to judge
veroordelen			to condemn
accepteren			to accept
acceptatie			acceptance
vertonen, weergeven		to display
scherm				display, screen (screen is the glass part of the display) 
beeldscherm			screen
vliegen				to fly
knuffelen			to hug
tekenen			to draw, to sign
handtekening			signature
schilderen			to paint
bevatten			to contain
klagen				to complain
bedriegen			to cheat
schreeuwen			to shout, to yell
gillen				to scream	
wandelen			to walk, to hike
liften				to hitchhike
verstoppen, verbergen		to hide
parkeren			to park
ontwerpen			to design
gooien				to throw
gooien, werpen			to pitch
helling, standplaats		pitch
scoren				to score
schoppen			to kick
sporten	, oefenen		to exercise
staken				to strike
sterven				to die
uitsterven			to extinct
bloeden			to bleed
kwetsen, pijn doen		to hurt
gewond				hurt (geestelijk),wounded (wondje),injured(lichamelijk letsel)
wond				wound
genezen			to cure (lichamelijk), to heal (geestelijk)
lijden				to suffer
uitkijken naar			to look forward to
stromen			to flow
stroom				stream
drijven				to float, to drift
roeien				to row
rij				row
rollen				to roll
leveren				to deliver
zenden, sturen			to send
verzenden			to ship
organiseren			to organize
verbeelden, zich voorstellen	to imagine
verbeelding			imagination
realiseren			to realize
rijden				to drive (vierwielers), to ride (tweewielers)
ontvangen			to receive
springen			to jump
groeien				to grow
poetsen			to brush
veroorzaken			to cause
oorzaak			cause
belangrijk			important
voornaamste			main
hoofdzaak			main thing
voornamelijk, hoofdzakelijk	mainly
noodzakelijk, nodig		necessary
noodzakelijk, nodig, per se	necessarily
noodzaak, noodzakelijkheid	necessity
oplossen			to solve
betrekken, verwikkelen		to involve
bestaan			to exist (bestaan, zijn), to consist (toneelstuk bestaat uit 2 delen)
het bestaan			the existence
zich verzetten tegen		to resist
weerstand bieden		to resist
het verzet, de weerstand	the resistance
weerstaanbaar			resistible
onweerstaanbaar		irresistible
in opstand komen		to revolt 
opstand			revolt, insurrection
opstanding			resurrection
revolutie			revolution
om eigen as draaien		to revolve
draaien				to turn, to orbit (om de maan)
baan				orbit
twijfelen			to doubt, to hesitate
verwarren			to confuse
verward zijn			to be confused
verwarring, verwardheid	confusion
verwarrend			confusing
weigeren			to refuse
afwijzen			to reject, to dismiss (reject gebruik je als je weigert te accepteren)
scheuren			to tear
zich vergissen			to be mistaken
suggereren			to suggest
opstaan			to get up
aankleden			to get dressed
vervelen			to bore
zich vervelen			to be bored
saai				boring
ergeren				to annoy
zich ergeren aan		to be annoyed by
vervelende			annoying
gewoonte			habit
verrassen, verbazen		to surprise
verrast zijn, verbaasd zijn	to be surprised
verrassing			surprise
verrassend nieuws		surprising news
zich schamen			to be ashamed	
schaamte			shame
schande			shame, disgrace
schandalig			disgraceful
lokaliseren			to locate
zich bevinden, gelegen zijn	to be located
gedragen			to behave
gedrag				behavior
houding			attitude
boodschappen doen		to buy groceries
ruzie maken			to argue
ruzie				disagreement, quarrel
gevecht			fight
verwachten			to expect
verwacht, onverwacht		expected, unexpected			
verwachting			expectation
uitzonderen			to except
behalve				except for
alles behalve			anything but
uitzondering			exception
uitzonderlijk(e), bijzonder(e)	exceptional
gewoon, normaal		ordinary
buitengewoon			extraordinary
bijzonder			particular
handhaven			to enforce
handhaving			enforcement
handhaver			enforcer
verbinden			to connect, to commit
verbinding			connection, commitment
naleven				to comply
naleving			compliance
produceren			to produce
geproduceerd			vintage
exploderen, ontploffen		to explode
explosie, ontploffing		explosion, blast
overtreden			to trespass
overtreding			trespass
verboden toegang		no trespassing
niet betreden			no trespassing
verbieden			to forbid, to ban
verboden			forbidden, banned
breken				to break
als je de wet overtreedt	if you break the law
ademen			to breathe
adem				breath
naar adem snakken		to gasp, gasping for breath
hijgen (na inspanning)		to pant, panting
vermoorden			to murder, to assassinate, to kill
moordenaar			murderer, assassin, killer
verschuldigd zijn		to owe
bezitten			to own (absoluut bezit), to possess (onder je hebben)
eigenaar (ook baasje hond)	owner
baas				boss
bezit, bezitting			possession
stofzuigen			to vacuuming
achtervolgen, nastreven	to pursuit
achtervolging, het streven	pursuit
onthouden, herinneren		to remember
herinneren			to remind
herinnering			memory, reminder
geheugen			memory
smeken				to beg
wedden				to bet
zweten				to sweat
overleven			to survive
geven om, zorgen		to care
ik geef om jou			I care about you
doorgaan			to proceed, to continue
voorafgaan			to precede
wordt voorafgegaan		is preceded	
begraven			to bury
vermaken			to entertain
opladen, in rekening brengen	to charge
kosten, lading			charge
kosten				cost, costs
lading				load
de leiding hebben		to be in charge
aanvallen			to attack, to charge
aanval				attack, charge
slag, strijd			battle
ten strijde trekken		to charge into battle
het gevecht aangaan		to charge into battle
getuigen			to testify
getuigenis			testimony
getuige				witness
opnieuw inplannen		to reschedule
graven				to dig
breien				to knit
straffen				to punish
straf				punishment
beweren			to allege
bewering			allegation
markeren			to mark
vergelden			to retaliate
vergelding			retaliation
wraak nemen			to take revenge	
wraak, revanche		revenge
uitlokken			to provoke
imponeren, indruk maken op	to impress
indrukwekkend			impressive
onder de indruk		impressed
beginnen			to begin, to start
starten				to start
wensen				to wish
kijken				to look, to watch
ik hou je in de gaten		I keep an eye on you, I am watching you
lijken				to look, to seem
lijken op			to look like
opvrolijken			to cheer
koesteren			to cherish
onzin praten			to haver
kletsen				to chat, to chatter (nutteloos kletsen)
grappen maken		to joke
grap				joke
beïnvloeden, invloed hebben	to influence
invloed				influence
beïnvloeder			influencer
vloeiend			fluent (vloeiend de taal spreken)
vloeibaar			liquid
bewegen, verplaatsen		to move
beweging			motion, move, movement
verwijderen			to remove
degraderen			to demote, to relegate
degradatie			demotion (lagere rang), relegation (voetbal)
verplaatsen, verschuiven	to shift (klein stukje verplaatsen dus minder ver dan to move)
verplaatsing, verschuiving	shift
nachtdienst, nachtploeg	night shift
veranderen, verwisselen	to change
kans				chance, opportunity
verandering			change
oplossing			solution
aardverschuiving		landslide
omwisselen, omschakelen	to switch
omwisseling, omschakeling	switch
schakelaar			switch
omdraaien, omzetten		to flip
vegen				to swipe, to sweep (bezem)
erop staan			to insist
ik sta erop 			I insist
verbouwen,opnieuw bewerken	to remodel
verbouwing			remodeling
(fijn)stampen			to mash
aardappelpuree			mashed potatoes
stoppen			to stop, to quit
ontslaan, wegzenden		to dismiss
afwijzen, afdoen		to dismiss
ontslag nemen			to quit, to resign
ontslag krijgen			to fire
ontslagen zijn			to be fired
ontslag				dismissal, resignation
beëindigen			to terminate
martelen			to torture
marteling			torture
tegenspreken			to contradict
plat maken			to flatten
bevestigen			to confirm
bevestiging			confirmation
annuleren			to cancel
geannuleerd			canceled (USA), cancelled (UK)
geannuleerde vlucht		canceled flight	
annulering			cancellation
behandelen			to treat
behandeling			treatment
afspraak			appointment
teleurstelling			disappointment			
teleurgesteld			disappointed
bedreigen			to threaten
geweld				violence
bedreiging			threat
draad				thread 
sliert, snaar			string
veter				lace
koord				cord
misdaad			crime
schitterend			splendid
geweldig			awesome, marvelous
geweldig			terrific (of great size, amount of intensity) 
verschrikkelijk, ontzettend	terrific (of great size, amount of intensity) 
vreselijk			terrible
doodsbang			terrified
afschuwelijk			awful, horrible
walgelijk, onsmakelijk		disgusting
dubbelzinnig			ambiguous
ambitie				ambition
belachelijk			ridiculous
verbazingwekkend		amazing (gevoel van verrassing)
overweldigend			overwhelming
fantastisch			fantastic
uitstekend 			excellent (hoge kwaliteit)
lekker, smaakvol		tasty
verrukkelijk			delicious
smaak				taste(5 basissmaken in mond),flavor (combinatie geur, smaak, enz)
pittig				spicy
hartig				savory
zoet				sweet
zuur				sour
bitter				bitter
geur, reuk			smell
vies, smerig			dirty, filthy 
lelijk				ugly	
banaan				banana
tomaten			tomatoes
groenten			vegetables 
peper				pepper
honger				hunger
hongerig			hungry
boom, drie, gratis		tree, three, free
klok				clock
uur				hour
twee uur			two hours
zes uur				six o’clock
tijd				time
ochtend			morning
middag				afternoon
avond				evening, night
nacht				night
vandaag			today
vanmorgen			this morning
vanmiddag			this afternoon
vanavond			this evening, tonight	
vannacht			tonight
gisteren			yesterday
eergisteren			the day before yesterday
gistermorgen			yesterday morning
gistermiddag			yesterday afternoon
gisteravond			yesterday evening, last night
afgelopen nacht		last night
morgen				tomorrow
morgenvroeg			tomorrow morning
morgenmiddag			tomorrow afternoon
morgenavond			tomorrow evening, tomorrow night
morgennacht			tomorrow night
overdag			during the day, in the daytime (kunnen beiden gebruikt worden)
middernacht			midnight
twaalf uur			noon
kwart, kwartier			quarter
eerste, tweede			first, second
derde, vierde			third, fourth 
eens, één keer			once
twee keer, drie keer		twice, three times
beide				both
dorst				thirst	
dorstig				thirsty
gratis proefperiode		free trial
gevoel van droogheid		sensation of dryness
links en rechts			left and right
verlangen naar vloeistoffen	craving for liquids
kat				cat		
koe				cow
konijn				rabbit
duif				pigeon
eekhoorn			squirrel
kikker				frog
muis				mouse
muizen				mice
schaap, schapen		sheep
goedkoop			cheap	
duur				expensive
uitgave, uitgaven		expense, expenses
duur				duration
hert				deer
lieve, beste			dear
beer				bear
varken				pig
gans				goose
geest, spook			ghost
lichaam en ziel			body and soul
schildpad			turtle
spin				spider
uil				owl
hoorn				horn
neushoorn			rhino, rhinoceros 
staart				tail
kleinhandel			retail
handel				trade
beurs				stock market
uitdaging			challenge
edelsteen			gemstone	
vaardigheid			skill
sokken				socks
trui				sweater
klomp				wooden shoe
klompen			clogs
ondergoed			underwear
licht, lichte			light
zwaar, zware			heavy
klein				small, little
groot				large, big, great
breed				wide (fysiek), broad (figuurlijk)
plat				flat
nauw, smal			narrow
kort				short
lang				long, tall
hoog				high
laag				low
vaak				often (lopende periode), frequently (bepaalde periode)
spoedig				soon
vroeg				early
zwak				weak
sterk				strong
zacht				soft
hard				hard	
makkelijk, gemakkelijk		easy
moeilijk			difficult, hard
moeilijkheid, moeite		difficulty
probleem			problem
moeilijker			harder
moeilijkste			hardest
nauwelijks			hardly (met moeite te bereiken), barely (t.o.v. het geheel)
ruig				rough
taai, stoer			tough
meer				more, anymore
minder				less (milk/ontelbaar), fewer (men/telbaar)
veel				a lot of, many, much
weinig				few, little
meer dan			for over, more than (vaak gevolgd door getal)
vers, fris			fresh
lichtelijk			slightly
men				one, they
alle, hele, helemaal, allemaal	all
soort				kind
allerlei				all kinds of
enkel				single
van haar			hers
van hem			his
mevrouw			madame, Mrs.
dame 				lady
meneer				Mister, Sir, Mr.
verwant aan			related to
familie, gezin			family
dier				animal
huisdier			pet
misschien			maybe, might be, perhaps
bij ons				with us
voor, voordat			before
binnen				inside, within
binnen een week		within a week
buiten				outside
voor				in front of
achter				behind
recht				straight
kromme, gebogen		curved
homo, hetero			gay, straight
meteen, onmiddellijk, direct	immediately, right away, straightaway
rechtdoor			straight ahead
vooruit				forward, ahead
achteruit			backward (US), backwards (UK)
in de richting van		towards
opzij				aside
na, nadat			after
achteraf, daarna		afterwards
daardoor			therefore
daarom				that is why
ondanks			despite
volgens				according to
in plaats van			instead of, rather than
door middel van		by means of
gelukkig			fortunate, fortunately
helaas				unfortunate, unfortunately
waarschijnlijk			probably
onwaarschijnlijk		unlikely
in tegenstelling tot		unlike
leuk vinden			to like
zoals				like
als				if
wanneer			when
alsof				as if
of				or, whether (wordt gebruikt bij keuze of alternatief)	
tot, totdat, tot en met		until
tot en met			to, up to and including, until
tenzij				unless
voorbij				past
voorbij, verder dan		beyond
bovendien, verder		furthermore
in het midden			in the middle
dankzij				thanks to
vanwege			because of
sinds				since
overheen, dwars over		across
aan de overkant		across
overkant, andere kant		other side
aan de andere kant		on the other side, on the other hand
tegenover			across from
tegenovergesteld (e)		opposite
ongeveer			approximately
gemiddelde			average
meerderheid			majority
burgemeester			mayor
vanaf vandaag			from today on, starting today
dicht bij, vlak bij		close to, near
naast				next to, beside
tussen				between
tussen in			in between
langzaam			slow, slowly	
snel				fast (use by speed), quick, quickly (both use by time)
rond, ronde			round
om, rond, rondom		around
rotonde				roundabout
voorzichtig, zorgvuldig		careful, carefully
onvoorzichtig, onzorgvuldig	careless
nul				zero
hoewel				though, even though (geeft meer nadruk)
beroemd			famous
beroemdheid			celebrity
vieren				to celebrate
berucht				notorious
deken 				blanket
ontvoering			abduction
eigendom, landgoed		property, estate (bevat ook eigendomsrechten, enz)
windmolen			windmill
geluid				sound (wanted), noise (unwanted)
stem				voice, vote
goed				good, well, correct, correctly
verkeerd			wrong, incorrect, incorrectly
opeens, ineens, plotseling	all of a sudden, suddenly
plotselinge dood		sudden death
omstandigheid			circumstance
omstandigheden 		circumstances
situatie				situation
klemtoon, nadruk		emphasis
terwijl				while, as 
dief				thief
in feite, in principe, in wezen	basically
fundamenteel, in de basis	basically	
parfum				perfume
werkgever			employer	
werknemer			employee
arbeider			worker
piloot				pilot
slager				butcher
slagerij				butchery
dierenarts			veterinarian
bakker				baker
bakkerij			bakery	
slot				lock
op slot				locked (bijvoeglijk naamwoord)
woonkamer			living room
slaapkamer			bedroom
meubels			furniture
bank				couch, sofa
gordijn				curtain
zeker				sure, secure, certain (is formeler), certainly
zekerheid			certainty
bepaalde feiten			certain facts
onzeker			unsure, insecure (gevoel van onzekerheid), uncertain (twijfel)
feit				fact
kussen				pillow
tapijt				carpet
bruid				bride
bruidegom			groom
bezem				broom
magnetron			microwave
koelkast			refrigerator, friger, fridge
diepvries			freezer
vaatwasser			dishwasher
wasmachine			washing machine
droger				dryer
strijkijzer			flatiron
stofzuiger			vacuum cleaner 
was				loundry
vaat				dishes
gerecht				dish
hoofdgerecht			main course, main dish
voorgerecht			starter (UK), appetizer (US)
stof				dust
stofdoek			duster
rommel, rotzooi		mess
vuilnis				trash (banden) 
afval				garbage, rubbish (Brits)
vuilnisbak			trash can, garbage bin, rubbish bin	
bak				bin
haar, haren			hair
voet, voeten			foot, feet
huid				skin 
kin				chin
gezicht				face
tong				tongue
oog, mond, hersenen		eye, mouth, brain
wenkbrauw			eyebrow
wimper				eyelash
oor				ear
keel				throat
nek				neck
neus				nose
tand, tanden			tooth, teeth
teen/tenen			toe/toes
botten				bones
boon, bonen			bean, beans
schouder			shoulder
knie				knee
buik				belly
maag				stomach
pijn				pain, ache
rugpijn				backpain
buikpijn			bellyache
maagpijn			stomach ache
hoofdpijn			headache
lever, nier, long		liver, kidney, lung
kaak				jaw
puistje				pimple
traan 				tear
ader, aderen			vein, veins
snor				moustache
baard				beard
zenuw				nerve
nerveus, zenuwachtig		nervous
bijgelovig			superstitious
bijgeloof			superstition
verdacht (bijvoeglijk nw)	suspicious
verdachte			suspect
dollar				dollar, bucks (bok)
duizend dollar			grand
hoeveel keer, hoe vaak		how many times
zes keer drie			six times three
geluk				joy
geniet ervan			enjoy it
plezier				fun
veel plezier			have fun
aangenaam			pleasant
plezierig, aangenaam, prettig	enjoyable
grappig				funny
vrolijk				jolly, cheerful (zichtbaar gelukkig)
blij, gelukkig			happy, glad (vaak wordt de reden erbij gezegd)
blijdschap, geluk		happiness
heel goed			very good, jolly good
vriend				friend, pal
maat				mate
vent				fellow
jongens			boys, felles
broer				brother, bro
kerel				guy, dude
collega				colleague
onderhoud			maintenance
verliefd				in love
verloofd			engaged
verloofde			fiancé
getrouwd			married 
huwelijk			marriage
bruiloft				wedding
vader, moeder			father, mother
grootvader, grootmoeder	grandfather, grandmother
ouders				parents
grootouders			grandparents
kleinzoon, kleindochter		grandson, granddaughter
kleinkind, kleinkinderen	grandchild, grandchildren
neef				cousin (zoon oom), nephew (zoon broer)
nicht				cousin (dochter oom), niece (dochter broer)
mannelijk en vrouwelijk	male and female
stamboom			family tree
stiefvader, stiefmoeder		stepfather, stepmother
halfzus, halfbroer		half sister, half brother
schoonzus			sister-in-law
zwager				brother-in-law
schoonvader, schoonmoeder	father-in-law, mother-in-law 
schoonzoon, schoondochter	son-in-law, daughter-in-law
winkel				shop (UK), store (VS)
winkelcentrum			shopping mall
verkoop, uitverkoop		sale
te koop				for sale	
supermarkt			supermarket
kleren, kleding			clothes, clothing
handschoen			glove
kledingzaak			clothing shop, clothing store
vrouwenkleding		women’s clothing
winkelwagen			shopping cart
balie				counter
kassa				checkout counter
aanrecht			countertop
korting				discount
procent				percent
paskamer			fitting room
passende muziek		fitting music	
warenhuis			department store
magazijn, pakhuis		warehouse
bon				receipt
contant				cash
pinpas, creditcard		debit card, credit card
letterlijk			literal, literally
figuurlijk			figurative, figuratively
strak, schaars			tight
netjes				tidy
waarschuwing			warning
noodgeval			emergency
verlegen			shy
jaloers				jealous
koppig				stubborn
schattig			cute, adorable
raar				weird (verbonden met lot dat beïnvloedbaar is), strange
dom, stom			stupid
dwaas				fool, foolish, silly (verdient medelijden)
gek				crazy
boos				angry
geestelijk gezond		sane
geestelijke gezondheid		sanity
gestoord, krankzinnig		insane, mad, lunatic
krankzinnigheid		insanity, madness, lunacy
slim				clever(vindingrijkheid), smart(intelligentie), intelligent
verstandig			sensible (waarneembaar met zintuigen), wise
ingewikkeld			complicated
stout				naughty
zwembroek			swimming trunks, swimsuit (korter model)
hoofdkantoor			headquarters (gebouw), main office (kamer)
achtertuin			backyard
zitplaats			seat
brand, vuur			fire
brandweer			fire department
brandweerman			fireman, firefighter (kan ook vrouw zijn)
brandweerauto			fire truck
brandblusser			fire extinguisher
huurauto			rental car
luisterboek			audiobook
vogelhuis			birdhouse
vuurtoren			lighthouse
meer, meren			lake, lakes
steen, rots			stone, rock
kanaal				canal (water) 
kanaal, zender			chanal
huisje				cottage
pijl				arrow
jammer				a pity
zonde				sin
inderdaad			indeed
tot ziens			see you, goodbye
groeten, groetjes		regards, greetings
met vriendelijke groeten	kind regards
vriendelijk			friendly, kind
minachting			disregard
van harte			sincere, sincerely
van harte gefeliciteerd		sincere congratulations
hoogachtend			yours sincerely (heel zakelijk en formeel)
hoera				hurray
eigenlijk			actually
precies				exactly
realiteit, werkelijkheid		reality
relatief				relative
ziek				ill, sick
ziekte				disease, illness, sickness
ramp				disaster
woestijn			desert
toetje				dessert
bestemming			destiny (persoon of ding bestemming), destination
afstand				distance
schade				damage
op afstand, afgelegen		remote
afstandsbediening		remote control
oppervlakte			surface
griep				flu
koorts				fever
gezondheid			health
gezond, gezonde		healthy
de gezondheidszorg		healthcare
verpleegkundige		nurse
allergisch			allergic
medicijn			medicine
geneesmiddel			medication, drug	
zalf				ointment
conditie, staat, toestand	condition
voorwaarde			condition
in goede staat			in good condition
welke voorwaarde		which condition
rolstoel				wheelchair
hulp, eerste hulp		aid, first aid
pleister				band aid (US), plaster (UK)
verband			bandage
salade				salad
frisdrank			soda, soft drink
sap				juice
maaltijd			meal
eet smakelijk			enioy your meal
boterham			sandwich
rijst				rice
kaas				cheese
aardbei				strawberry
pindakaas			peanut butter
taart				pie, cake
appeltaart			apple pie
snoep				candy
koekje				cookie
gebak				pastry
pannenkoek			pancake
slagroom			whipped cream
citroen				lemon
limoen				lime	
peer				pear
druif, druiven			grape, grapes
kers, kersen			cherry, cherries
bes, bessen			berry, berries
braam				blackberry
framboos			raspberry
noot 				nut
rijp				ripe
ui				onion
aardappel			potato
champignon			mushroom
bloemkool			cauliflower
paprika				bell pepper
worst				sausage
spek				bacon
vlees				meat
rundvlees			beef
biefstuk			steak
knoflook			garlic
gehaktbal			meatball
gehaktbrood			meatloaf
gehakt				ground meat, minced meat
vlucht				flight
aankomst			arrival
vertrek				departure
bagage				luggage
vliegtuig			airplane
vliegveld			airport
vakantie			holiday (UK), vacation (US)
schip				ship
zeilboot				sailboat
veerboot			ferry
ambassade			embassy
scheerapparaat			shaver
scheermes			razor, razor blade 
bleek				pale
stapel				pile
plafond				ceiling
dienblad			tray
sterfelijk, onsterfelijk		mortal, immortal
eeuwig				eternal
voor eeuwig			eternally
eeuwigheid			eternity
bad, badkuip			bath, bathtub
badkamer			bathroom
wc				toilet, bathroom, lavatory, restroom				
bezet				occupied
bezetting			occupation
zwembad			pool, swimming pool
douche				shower
kraan				faucet
hijskraan			crane
handdoek			towel
gootsteen			sink
borstel				brush
zeep				soap
lippenstift			lipstick
zakdoek			tissue (papier), handkerchief (stof)
emmer				bucket
natuur				nature
grond				ground, soil
regenwoud			rainforest
grot				cave
gat				hole
kloof				gorge
fakkel				torch
goor				gross 
overstroming			flood
vulkaan				volcano
storm				storm
orkaan				hurricane
gletsjer				glacier
heet				hot
hitte				heat
koud, kou			cold
leeg				empty
vol				full
brandstof			fuel
milieu				environment
ijs				ice, ice cream
elektriciteit			electricity
tram				tram
rijbewijs			driver’s license
vrachtwagen			truck (US), lorry (UK)
automobilist, bestuurder	(car) driver, motorist
bestuurdersstoel		driver’s seat
bijrijdersstoel			passenger seat
achterbank			back seat
fietsen				to cycle, to bike
fiets				bicycle, bike
motorfiets			motorcycle
motor				engine
voertuig			vehicle
tuig				rig
fietser				cyclist, bicyclist
motorrijder			biker
stoep				sidewalk
voetganger			pedestrian
oversteekplaats voetgangers	pedestrian crossing
fietspad			bike path
wandelaar			walker (lage frequentie) , hiker (fanatieker)
lifter				hitchhiker
lantaarnpaal			lamppost
openbaar vervoer		public transportation
verkeer				traffic
stoplicht			traffic light
verkeersbord			traffic sign
file				traffic jam
informatie			information
verkeersinformatie		traffic report
zebrapad			crosswalk
kruispunt			intersection, crossing (weg doorkruist met zebrapad of iets anders)
voorrang			right of way
snelweg			highway
weg				road
wegversperring			roadblock
platform, perron		platform
haast, spoed			hurry, rush
tankstation			gas station
spits, spitsuur			rush hour
richtingaanwijzer		turn signal
post				mail
brievenbus, postbus		mailbox
gesprek			conversation
bericht				message
sms				tekst message
lift				elevator
verdieping			floor
trap				stairs, stairway
balkon				balcony
gang				hallway
ingang				entrance (fysieke ingang), entry (fysieke ingang, toegang, komst)
kelder				basement, cellar (voor opslag wijn, enz)
verwarming			heater (één ding), heating (meerdere dingen, zoals CV)
radiator			radiator
zolder				attic
begane grond			ground floor (UK), first floor (US)
eerste verdieping		first floor (UK), second floor (US)
toneelstuk			play
pretpark			amusement park
oven				oven
fornuis				stove
hap				bite
chocolade			chocolate
kruid/kruiden			herb/herbs
specerij/specerijen		spice/spices
ingrediënt/ingrediënten	ingredient/ingredients
recept				recipe
saus				sauce
rauw				raw (niet gebakken), rare (licht gebakken)
zeldzaam			rare
zelden gebruikt			rarely used
gaar				done
kookboek			cookbook
glas				glass
kom				bowl
deksel				lid
bestek				cutlery (messen, vorken en lepels), utensils (keukengerei)
bord, mes, vork, lepel		plate, knife, fork, spoon
goud				gold
zilver				silver
brons				bronze
saffier				sapphire (blauw)
robijn				ruby (rood)
smaragd			emerald (groen)
amethist			amethyst (paars)
parel				pearl (wit/roze, zwart)
obsidiaan			obsidian (zwart) 
diamant			diamond (kleurloos of gele kleurtint)
metaal, ijzer, staal		metal, iron, steel
hout, beton, baksteen, klei	wood, concrete, brick, clay
wol, katoen, zijde, leer, stof	wool, cotton, silk, leather, fabric
lijm, plakband			glue, tape
karton				cardboard
snijplank			cutting board
schoolbord			blackboard
kast				closet
kastje				cabinet, cupboard
krijt, krijtje			chalk, piece of chalk 
materiaal			material
onderwijs, opleiding		education
klas				class
les				class, lesson
cijfer, klas, graad		grade
toets				test
oefening			practice, exercise
huiswerk			homework
opdracht			assignment
taak, opdracht			task
huiswerkopdracht		homework assignment
examen			exam
kennis				knowledge
schrift				notebook
speeltuin			playground
kleuterschool			kindergarten	
basisschool			primary school (UK), elementary school (US)
middelbare school		secondary school
uitleg				explanation
presentatie			presentation
voorbereiding			preparation
nat				wet
wolk				cloud
bewolkt				cloudy
vochtig				humid
benauwd			stuffy
zonnig				sunny
sneeuw				snow
hagel				hail
regenbui			rain shower
regenboog			rainbow
temperatuur			temperature
graden				degrees
woordenboek			dictionary
vertaling			translation
alinea				paragraph
pagina				page
hoofdstuk			chapter
stekker				plug
stopcontact			power outlet, socket (ook waar je een lamp indraait)
luidspreker			speaker
draadloos			wireless
toetsenbord			keyboard
laptop, computer		laptop, computer
kabel				cable
bureau				desk
handleiding (is een boekje)	manual
gebruiksaanwijzing		instructions
schroef				screw
ervaring			experience
experiment			experiment
onderdeel			part, component (zelfstandig deel van groter ding)
opponent, tegenstander	opponent
regel				rule
liniaal				ruler
lade				drawer
tekenaar			drawer
tekening			drawing
schilder				painter
schilderij			painting
verf				paint
penseel, kwast			paintbrush
potlood				pencil
doek				canvas
tentoonstelling			exhibition
ticket, kaartje			ticket
kaart				map
portret				portrait
schets				sketch
beeldhouwen			to sculp
beeldhouwwerk			sculpture
beeldhouwer			sculptor
standbeeld			statue
vrijheidsbeeld			statue of liberty
vrijheid				freedom (ontstaat uit menselijkheid), liberty (politiek)
vrede				peace
voor de hand liggend		obvious, obviously
vanzelfsprekend, duidelijk	obvious, obviously
kennelijk			obvious, obviously 
gebeurtenis, evenement	event
gelegenheid			occasion 
laatste, vorige			last
laatste, definitief, definitieve	final
eindelijk			finally
uiteindelijke/uiteindelijk	eventual (BN), eventually BW)
vooral, speciaal, met name	especially
driehoek			triangle
vierkant, plein			square
cirkel				circle
cyclus, kringloop		cycle
vorm				shape
in vorm				in shape
dun				thin
mager				skinny
dik				fat (bovenlichaam/ronde buik), thick (onderlichaam en trui e.d.)
spier, gespierd			muscle, muscular
boven				above
onder				under, beneath/ underneath (covered), below (same building, etc)
boven				upstairs
beneden			downstairs
omhoog, naar boven		up, upwards
omlaag, naar beneden		down, downwards
bodem, onderkant		bottom
bovenkant			top, upside
onderkant			bottom, underside (wat onder de bottom zit)
voorkant			front
achterkant			back
achterstevoren			backwards
terugspoelen			rewind
binnenstebuiten		inside out
ondersteboven			upside down
binnenkant, buitenkant		inside, outside
artikel				article
netwerk			network
uitzending			broadcast
omroep				broadcaster
aflevering			episode
levering			delivery
verzending			shipment
samenvatting			summary
achter elkaar			one after the other
wachtwoord			password
bestand			file
universum			universe
zonnestelsel			Solar System
Melkweg			Milky Way
sterrenstelsel			galaxy
atmosfeer			atmosphere
telescoop			telescope
microscoop			microscope
satelliet				satellite
asteroïde			asteroid
ruimte				space
ruimteschip			spaceship
aards				terrestrial
buitenaards			extraterrestrial
buitenaards wezen		alien
hemels				heavenly, celestial
stedelijk			urban
buitenwijk			suburbia
raket				rocket
intussen, in de tussentijd	meanwhile (vaak bijwoord), meantime (vaak Zelfst. Nw)
voorlopig			for now (nu nog wel), for the time being (zolang niets veranderd)
temporiseren			to temporize
tijdelijk				temporary (BNW), temporarily (BW)
zonsopkomst			sunrise
zonsondergang			sunset
noord, oost, zuid, west		north, east, south, west
ten westen, enz		west of, enz
naar het westen, enz		to the west, enz
noordelijke, oostelijke		northern, eastern (BN)
zuidelijke, westelijke		southern, western (BN)
noordelijk, oostelijk		northerly, easterly (bijwoord)
zuidelijk, westelijk		southerly, westerly (bijwoord)
halfrond			hemisphere
dialect				dialect
automatische			automatic (BN)
vanzelf, automatisch		automatically (bijwoord)
geheim				secret
stiekem			secretly
genoeg				enough
voldoende			sufficient, sufficiently
verfrissend			refreshing
het leven			life
de dood			the death
levende	 spin			living spider
zanger, zangeres		singer
publiek				public, audience
acteur, actrice			actor, actress
toeschouwer			spectator
podium, stadium, fase		stage
literatuur			literature
roman				novel
mode				fashion
foto				photo, picture
afbeelding			image
figuur				figure
grafiek				graph (diagram), graphics (ontwerptekening)
gedicht				poem
middenvouw			center fold
keuze				option, choice (Options are the things and choices are our decision)
mogelijk			possible, possibly
onmogelijk			impossible, impossibly
mogelijkheid			possibility
vermogen, kundigheid		ability
gedachtenbeheersing		thought control
gedachte/gedachten		thought (een vorm die in de geest (=mind) is gecreëerd)/thoughts
gedachten			mind (het vermogen tot rationeel denken)
verstand			mind (verm. tot rationeel denken), sense (hoe neem je iets waar)
gezond verstand		common sense
humor				humor
gevoel voor humor		sense of humor
logisch, zin(tuig), gevoel	sense
logisch				logical
motivatie			motivation
bewuste keuze			deliberate choice
bewust gekozen		deliberately chosen
bewust van het gevaar		aware of the danger
pas op 				beware of, watch out
gevaar				danger
gevaarlijk			dangerous
in gevaar brengen		jeopardize
kwetsbaar, onkwetsbaar	vulnerable, invulnerable
manier				manner, way
zelfbeheersing			self-control
argument			argument
mening				opinion
standpunt			point of view, position
positie				position
recensie			review
kritiek				criticism
kritisch				critical (ZN), critically (BW)
oordeel				judgment, verdict
genot, verrukking, vreugde	delight
opmerkelijk, merkwaardig	remarkable
onopmerkelijk/onmerkwaardig	unremarkable
hoopvol, hopelijk		hopeful, hopefully
hopeloos			hopeless (BN), hopelessly (BW)
sprakeloos			speechless
hulpeloos			helpless
ademloos			breathless
eindig				finite
eindeloos			endless, infinite
lezing, college			lecture
universiteit			university, college
college				college
programma			program
progressie, voortgang		progress
proces 				process, trial (rechtbank)
rechter, advocaat		judge, lawyer
scriptie, proefschrift		thesis
instituut			institute
doof, blind			deaf, blind
vergif				poison
giftig, giftige			poisonous
duizelig				dizzy
dodelijk			deadly, lethal
opgezwollen			swollen
apotheek			pharmacy
apotheker			pharmacist
huisarts			family doctor
zwanger			pregnant
tandarts			dentist
drogisterij			drugstore
verslaafd, verslaving		addicted, addiction
ongesteld, periode		period
depressief			depressed, blue
dronken			drunk
kaal				bald
blond				blonde
prachtig			gorgeous
magnifiek			magnificent
knap (uiterlijk)			handsome (man), good looking (man en vrouw)
rits				zipper
knop, knoop			button
bodem				bottom
zonnebril			sunglasses
koptelefoon			headphones
oortjes				earphones, earbuds
armband			bracelet
ketting				chain
ring				ring
litteken				scar
tatoeage			tattoo
moedervlek			birthmark
gebreide muts			knitted cap
sieraad, juweel			jewel, jewelry (meervoud)
theorie				theory
succesvol, met succes		successful, successfully
glad, vlot			smooth
gladjanus			smooth operator
concept				concept
conclusie			conclusion
armoede			poverty
welvaart			prosperity
welzijn				welfare
chaos				chaos
inwoner			citizen
burger				civilian
beschaving			civilization
verzekering			insurance
zorgverzekering		health insurance	
klant				customer
douane				customs 
douanier			customs officer
slaapliedje			lullaby
risico				risk
boekhouding			accounting
zakenreis			business trip
relatie				relation, relationship (koppels, familie dus kleiner dan relation)
romantisch			romantic
attractief, aantrekkelijk		attractive
liefdesverdriet			heartbreak
gebroken hart			broken heart
hartaanval			heart attack
angstig, ongerust		anxious
nieuwsgierig			curious
gezichtsuitdrukking		facial expression
tevreden			satisfied 
ontevreden			dissatisfied
tevredenheid			satisfaction
gezellig, knus			cozy
regering			government
parlement			parliament
premier				prime minister
staat				state
koninkrijk			kingdom
voorzitter			chairman
verplicht			mandatory, obligatory
snelheid			speed, velocity
massa				mass
lichtsnelheid			speed of light
chemicaliën			chemicals
energie				energy
klimaat				climate
magneet			magnet
actie, daad, handeling		action
reactie				reaction
ellende				misery
mysterie			mystery
ziekenhuis			hospital
gastvrijheid			hospitality
wijsheid			wisdom
symbool			symbol
winst				profit
verlies				loss
investering			investment
inkomen			income
failliet				bankrupt
campagne			campaign
strategie			strategy
tragedie			tragedy
factuur				invoice
aflossing			redemption
kandidaat			candidate
vijand				enemy
veilig				safe
veiligheid			safety, security
leger				army
wapen				weapon
priester, priesteres		priest, priestess
jood, joods			jew, jewish
christen			christian
engel				angel
begrafenis			funeral
heilig				holy, sacred
levensbeschouwing		outlook on life
kerk				church
magie				magic
kroon				crown
menigte			crowd
klaar voor de start, af		ready, set, go
ridder				knight
lid				member
keizer, keizerrijk		emperor, empire
oudejaarsavond		New Year’s Eve
Kerstmis, Pasen		Christmas, Easter
Hemelvaartsdag, Pinksteren	Ascension Day, Pentecost 
traditie				tradition
premiejager			bounty hunter
huurmoordenaar		sicario
sluipschutter			sniper
moe				tired
routebeschrijving		itinerary
klootzak			scumbag
waardigheid			dignity
isolement			isolation (wie/wat is geïsoleerd)
isolatie				insulation (waarvan geïsoleerd)
isolatie zoals piepschuim	insulation
geïsoleerd			isolated, insulated
lapje				patch
kaskraker			blockbuster
onderhandelaar		negotiator
aanklager			prosecutor
vrijwilliger			volunteer
egoïstisch			selfish
roerei				scrambled eggs
gekookt ei			boiled egg
gebakken ei			fried egg
haver, havermout		oat, oatmeal
voorrecht			prerogative
vooroordeel			prejudice, bias (minder extreem dan prejudice)
bevooroordeeld			prejudiced, biased
schuilplaats			shelter
water voorraad			water supply
energiecentrale			power plant
vrije tijd			leisure
superieur, meerderwaardig	superior
inferieur, minderwaardig	inferior
trouw				fidelity
vogelreservaat			bird sanctuary
oord,heiligdom,reservaat,park	sanctuary
sanctie				sanction
met betrekking tot sanctie	sanctionary
tovenaar			sorcerer, wizard
garantie			guarantee
drang				urge
puin, brokstukken		debris, rubble
vonk				spark
panisch				frantic
druk, bezig			busy
kofferbak			trunk
motorkap			hood (VS), bonnet (UK)
lieveheersbeestje		ladybug
applaus				applause
machtig, almachtig		mighty, almighty
voor- en nadelen		pros and cons
wreed				cruel, brutal
bel, bubbel			bubble
verjaardag			birthday
trouwdag, jubileum, enz.	anniversary
diepgang, onderdompeling	immersion
hertog				duke
agenda, kalender		agenda, calendar
schema,rooster,dienstregeling	schedule (terugkerende gebeurtenis), timetable (enkelvoudige)
barricade			barricade
versperring			barrage
thermostaat			thermostat
ontvangst, receptie		reception
nachtegaal			nightingale
vos				fox
sluw				foxy
buitenlands			foreign
buitenlander			foreigner
voorhamer			sledgehammer
verbazing			astonishment
betoverd, verblind zijn		bedazzled
oogverblindend			dazzling
autoriteit			authority
springlevend			alive and kicking
bushalte			bus stop
sleutel				key
rapport, verslag		report
communicatie			communication
weegschaal			scale
de marine			the navy
de luchtmacht			the Air Force
activiteit			activity
service				service
veruit, verreweg		by far
decennium			decade
doos				box
mand				basket
strand				beach
horizon				horizon
feest				party
spiegel				mirror
vallei				valley
buurman, buurvrouw		neighbor
buren				neighbors
buurt				neighborhood
gebied, ruimte			area
oceaan				ocean
tas				bag
hoek				corner
rand				edge
grens				border
limiet, grens			limit
film				film, movie
slecht humeur			bad mood
visueel, visuele			visual
symptoom, symptomen	symptom, symptoms
welkom				welcome
document			document
flits				flash
rookflits			flash of smoke
zaklamp			flashlight
idee				idea
in een moeilijke situatie	in dire straits
